transaction_id,user_id,amount,created_at,razorpay_order_id,razorpay_payment_id,razorpay_signature,status
cc42338f-0a5e-4a9f-b36c-fff2985bef03,5000,,2026-03-27 01:31:00,order_SVykGVh31MOThB,pay_SVykShEjo0lI93,dd85ff54d300970f31359a56f4b7522916decaae7a3f57c5d2308b3b3346680a,success
563a8a8f-60e0-4c49-bf95-bcaac9a7afb0,5000,,2026-03-21 14:40:00,order_SToyeE8QRw3eOo,,,success
a835eb9f-226b-49a6-9d47-74180d109ce3,3000,,2026-03-21 00:05:00,order_STa4wod2mesU6t,pay_STa5cLvbKcRnVN,8ecdbce15d55d1d8a0a523bdc6ddad13349210e7869c48912549179d60f3c78b,success
495392ff-cbb0-400f-8c61-eee20397e950,66200,,2026-03-20 22:48:00,order_STYllOMHppcBc2,pay_STYlwSbKnobhwe,e65b6045646921ee240a7d24643bcc3c1b3deb97c3a05705928171b63539e14a,success
495392ff-cbb0-400f-8c61-eee20397e950,66200,,2026-03-20 22:48:00,order_STYllOMHppcBc2,pay_STYlwSbKnobhwe,e65b6045646921ee240a7d24643bcc3c1b3deb97c3a05705928171b63539e14a,success
83ba353e-fd51-4cd9-8b72-afe9dce6095b,25000,,2026-03-20 16:45:00,order_STSZMmtzgAK2wu,pay_STSZY9mZEhlZGx,4ed6b349f9bbe66da1ce500a52210611ca045eaf0c002eee2a5d4a5b7053e231,success
83ba353e-fd51-4cd9-8b72-afe9dce6095b,25000,,2026-03-20 16:45:00,order_STSZMmtzgAK2wu,pay_STSZY9mZEhlZGx,4ed6b349f9bbe66da1ce500a52210611ca045eaf0c002eee2a5d4a5b7053e231,success
77e65e06-0efa-4cf8-9881-2da3a9a7cda4,65000,,2026-03-20 15:57:00,order_STRkx5CDToXfFq,,,success
e074cc21-28ae-4baa-b92f-561340ef4880,38998,,2026-03-20 15:53:00,order_STRh176h42LHDM,,,success
e074cc21-28ae-4baa-b92f-561340ef4880,38998,,2026-03-20 15:53:00,order_STRh176h42LHDM,,,success
e074cc21-28ae-4baa-b92f-561340ef4880,38998,,2026-03-20 15:53:00,order_STRh176h42LHDM,,,success
b68912e4-4349-4b5e-abbc-de24111e9b47,12000,,2026-03-19 23:01:00,,,,success
64ba21c8-d5dd-4ab7-aa4c-824033c0b503,3200,,2026-03-19 23:00:00,,,,success
53266651-809f-415d-a19b-c27615cb3529,3200,,2026-03-19 22:42:00,,,,success
3d9408f5-01f3-441c-a04a-8f122f9d0b8a,1200,,2026-03-19 22:41:00,order_STA6Xl7sW5ZrV9,pay_STA6m4WeOjQb5M,aa51eaebd9237573fff95b57705c9990ea59bd2de7b3fab1741c08c941db7361,success
0106e789-4c27-4df5-a9bf-cfbb8da16b8c,5600,,2026-03-19 21:35:00,,,,success
5f54a006-1eee-4fd7-96cf-47b3dbc92f61,1400,,2026-03-19 21:32:00,order_ST8vg2tBkWNwc9,pay_ST8vqA1C4USwEX,5f13f7fb3eb38146e0079207bedc1a141fad3e5aa94d17eb120a64994237bf37,success
bb92da58-47e3-45fd-9262-322c18dd3d14,12000,,2026-03-19 21:00:00,order_ST8OXJJ29b2UtG,pay_ST8OfqkisS1Hax,21651b43d32601b372238b73d1aa1eba1dbee46fb956be41ad65d066081a6ee3,success
238df823-86bf-4bbf-86c0-619573b5a40a,4400,,2026-03-19 20:58:00,,,,success
f4238ff6-c475-4be5-b40d-bf477baf84a2,1100,,2026-03-19 20:54:00,order_ST8HyL7XfjWc9h,pay_ST8I6Phs2MbJ2y,2fd20520ae03763580657520191b475cc5c4c17a514e3e346c61a8b76ef554da,success
a5f10f8e-10d0-454f-a0b7-29c7be3ae4e4,2400,,2026-03-19 20:23:00,,,,success
ae782548-4762-42a1-bb9a-3cf978b7f1dc,600,,2026-03-19 20:22:00,order_ST7kJEsgnx2z2U,pay_ST7kSHyQDXu2jx,9827c582b92974284a5426d683ec31be759b12a6e6204f2ccbf7bc6f42d2cb98,success
ca4a4cda-4e93-4ec7-b854-1633f2e7d810,52000,,2026-03-19 19:40:00,,,,success
dd5082ea-5c62-4396-936d-8c7ec64a88bb,13000,,2026-03-19 19:39:00,order_ST704YFp6PReEZ,pay_ST70CZ0ZmMLWHk,47d18683631dea8031a2f01abbda7aade4ab281eed77620bf16b90c4103cd8de,success
e80f3b2b-e540-4c53-afe5-e792794d26ea,6400,,2026-03-19 19:21:00,,,,success
4d03ae4d-3597-4684-af3d-7b00a6acb915,4600,,2026-03-19 18:59:00,order_ST6Jr1Epq3XXQe,pay_ST6K3K52Dl3Aey,b38ee4cd80589ed5a24cefa9d58ef9726b833460a05f963d25db6c3292009955,success
4d03ae4d-3597-4684-af3d-7b00a6acb915,4600,,2026-03-19 18:59:00,order_ST6Jr1Epq3XXQe,pay_ST6K3K52Dl3Aey,b38ee4cd80589ed5a24cefa9d58ef9726b833460a05f963d25db6c3292009955,success
bcaa636a-7643-4551-a56e-7a469b9ffd48,110000,,2026-03-19 03:26:00,order_SSqQNIrDzEEoZ4,,,success
bcaa636a-7643-4551-a56e-7a469b9ffd48,110000,,2026-03-19 03:26:00,order_SSqQNIrDzEEoZ4,,,success
061deb2c-0866-4051-84bc-1dd38fbb0f2a,2000,,2026-03-19 02:53:00,order_SSprX7jgy21qRe,,,success
eb17c2b1-c8c6-415a-b60e-7f934f2c7963,55000,,2026-03-19 02:52:00,order_SSpqnoajlORtqV,,,success
6b552b8e-3a1d-48ee-a637-654701483c40,4000,,2026-03-19 02:39:00,order_SSpdat8AFpD1tU,pay_SSpdpsmGZrlrIj,137ec79ee88b321a9d3c85daf6dc715e778f78014c2f5a0a048cfffaa8a57808,success
69cf4a8d-df0b-4d0d-aab4-d96a856d6b46,15000,,2026-03-18 22:10:00,order_SSl3U1U4Dv4Vi1,pay_SSl4EinOIcCSTL,d7768f2a9aac0c4404434061bd5bbf42f21bd5efe25f86fef7154093fa188240,success
c6b3dc45-7357-48ca-b950-3251adb72a7b,14500,,2026-03-16 12:20:00,order_SRnvjb5yBvjCS5,pay_SRnvwU719siATe,d1b02237c123912e7d1bcb14cd08f90c03312eca59c218e8cda56ed910ad1672,success
c6b3dc45-7357-48ca-b950-3251adb72a7b,14500,,2026-03-16 12:20:00,order_SRnvjb5yBvjCS5,pay_SRnvwU719siATe,d1b02237c123912e7d1bcb14cd08f90c03312eca59c218e8cda56ed910ad1672,success
c6b3dc45-7357-48ca-b950-3251adb72a7b,14500,,2026-03-16 12:20:00,order_SRnvjb5yBvjCS5,pay_SRnvwU719siATe,d1b02237c123912e7d1bcb14cd08f90c03312eca59c218e8cda56ed910ad1672,success
5b40f51a-b893-4d21-96b1-93f4996a1df1,12000,,2026-03-15 23:46:00,,,,success
98a4581f-9bca-4061-85b4-b6bc83bac4c2,37998,,2026-03-15 23:43:00,order_SRb1h8LiLqoHHo,pay_SRb1rmnrzTi9yR,a9529f68628114249edae11fc32284711c25717d035fa881c59c185049891694,success
98a4581f-9bca-4061-85b4-b6bc83bac4c2,37998,,2026-03-15 23:43:00,order_SRb1h8LiLqoHHo,pay_SRb1rmnrzTi9yR,a9529f68628114249edae11fc32284711c25717d035fa881c59c185049891694,success
98a4581f-9bca-4061-85b4-b6bc83bac4c2,37998,,2026-03-15 23:43:00,order_SRb1h8LiLqoHHo,pay_SRb1rmnrzTi9yR,a9529f68628114249edae11fc32284711c25717d035fa881c59c185049891694,success
8728c47f-84a7-4ee3-9f9b-4e24f0dcd9fb,6400,,2026-03-15 20:04:00,,,,success
0b92e6da-7e94-4154-b761-785a2363532f,8000,,2026-03-15 20:02:00,,,,success
202e4e62-f941-415e-9af8-30ca5516818e,56600,,2026-03-15 19:56:00,order_SRXA7I1xX1KsND,pay_SRXAGPXKbgOG0A,bdbc7e2b9552ca0d318f9493c8701311b6ccebec878765987e88adbe90c73abe,success
202e4e62-f941-415e-9af8-30ca5516818e,56600,,2026-03-15 19:56:00,order_SRXA7I1xX1KsND,pay_SRXAGPXKbgOG0A,bdbc7e2b9552ca0d318f9493c8701311b6ccebec878765987e88adbe90c73abe,success
6bf54e4f-a3ce-4c3e-89ff-89c861b0df6a,12000,,2026-03-15 19:24:00,,,,success
d893d511-972f-4849-9a1f-7322a89c1792,5000,,2026-03-15 19:18:00,order_SRWW7AUfDQke3l,pay_SRWWDfsvc9y082,d2b02b1d77a146293741ebadf7f8429222e73c9ae06f96a98131286287ef9824,success
d893d511-972f-4849-9a1f-7322a89c1792,5000,,2026-03-15 19:18:00,order_SRWW7AUfDQke3l,pay_SRWWDfsvc9y082,d2b02b1d77a146293741ebadf7f8429222e73c9ae06f96a98131286287ef9824,success
afd0ec6d-d216-42c8-8005-9a67aeaa950e,12000,,2026-03-15 19:06:00,order_SRWIz5PHauVZv5,pay_SRWJ5XAMjm5ubj,d1b6bc38f913c5e75bb9777722a640bbba1679ac39e477a6da68a73e03c64174,success
f2db1359-75c9-46e1-a834-8be1a5430dbf,58000,,2026-03-15 19:04:00,order_SRWHOCW6XN93vD,pay_SRWHWv3lX7STdM,a41e9f060993f9bb0d70dfce4d6fc1d45d6c026834a2e9e83eb456242e52c495,success
f2db1359-75c9-46e1-a834-8be1a5430dbf,58000,,2026-03-15 19:04:00,order_SRWHOCW6XN93vD,pay_SRWHWv3lX7STdM,a41e9f060993f9bb0d70dfce4d6fc1d45d6c026834a2e9e83eb456242e52c495,success
8bf95ebf-4946-4ac3-aecd-a510dbd4c9bb,12000,,2026-03-15 18:58:00,order_SRWAUkDRAcooh6,pay_SRWAds26bYi9yW,c165914d3d8799ec75e990f7eebd966817438e3107d727555a63bb8f25ed68e4,success
426c3b82-ab64-4199-b2a0-dcf246034c5b,58000,,2026-03-15 18:56:00,order_SRW8k5GNw0cqWY,pay_SRW8w28qNTCKFh,ec369f3b170b0f324764ee845db7ef2fa6a95a347c7fb1d499bde71640a0a6dc,success
426c3b82-ab64-4199-b2a0-dcf246034c5b,58000,,2026-03-15 18:56:00,order_SRW8k5GNw0cqWY,pay_SRW8w28qNTCKFh,ec369f3b170b0f324764ee845db7ef2fa6a95a347c7fb1d499bde71640a0a6dc,success
6ff12a20-f14e-488f-827f-cad4689aa801,50998,,2026-03-15 17:35:00,order_SRUkZxKznkjLxo,,,success
6ff12a20-f14e-488f-827f-cad4689aa801,50998,,2026-03-15 17:35:00,order_SRUkZxKznkjLxo,,,success
6ff12a20-f14e-488f-827f-cad4689aa801,50998,,2026-03-15 17:35:00,order_SRUkZxKznkjLxo,,,success
386003ca-f3a0-49e0-a6df-bb0f5ab9402d,4400,,2026-03-15 16:11:00,,,,success
b176d348-587f-4021-8e69-32f14573fbba,1100,,2026-03-15 03:23:00,order_SRGFA9AxvAtfoJ,pay_SRGFMtgHm2GvNu,6483b6076e84157051c4574c9141765d84e3133d3a003857092249056591bd9a,success
39fb1125-85e6-47ec-83a4-94d6a60ef3b2,3000,,2026-03-15 01:43:00,order_SREXaa8pc3GVTc,pay_SREXjET5Tsk1Kw,a4fc1928b8ddf08795772e972f6c919f3ab92c5a17017abf776a648947028334,success
8b0ba5a8-cb24-4f71-8797-4f8ee25dc38f,3000,,2026-03-15 01:37:00,order_SRERPPxUCp4ptO,pay_SRERchZxuCyR6W,87eee249f8c2894270be5779912eba80e77c26566898ef72897c4e7b2a79f1da,success
85de51f9-48b5-47e2-a973-9231440e051a,6640,,2026-03-14 20:51:00,,,,success
4be5b095-00be-4b73-a33a-6c9193689a68,6640,,2026-03-14 20:46:00,order_SR9TfS4Ljt7GRi,,,success
cc193b23-a282-48a0-9225-7d8cf9088203,12410,,2026-03-14 20:45:00,order_SR9Sw1YQZhma71,pay_SR9T8YloBpv1i2,93ca3bd8c630e90e6c9bd80f93fd3d03fca934d009859b7045936a053c97a3e6,success
cc193b23-a282-48a0-9225-7d8cf9088203,12410,,2026-03-14 20:45:00,order_SR9Sw1YQZhma71,pay_SR9T8YloBpv1i2,93ca3bd8c630e90e6c9bd80f93fd3d03fca934d009859b7045936a053c97a3e6,success
db1f1964-384f-4141-b4ce-99958fad6878,13600,,2026-03-14 20:41:00,order_SR9O1o9fbVhQWG,,,success
db1f1964-384f-4141-b4ce-99958fad6878,13600,,2026-03-14 20:41:00,order_SR9O1o9fbVhQWG,,,success
db1f1964-384f-4141-b4ce-99958fad6878,13600,,2026-03-14 20:41:00,order_SR9O1o9fbVhQWG,,,success
e696a3a6-0b49-4282-bb29-0c6943af0ee0,13600,,2026-03-14 20:38:00,order_SR9LhPS3VMf7m1,,,success
e696a3a6-0b49-4282-bb29-0c6943af0ee0,13600,,2026-03-14 20:38:00,order_SR9LhPS3VMf7m1,,,success
e696a3a6-0b49-4282-bb29-0c6943af0ee0,13600,,2026-03-14 20:38:00,order_SR9LhPS3VMf7m1,,,success
73ca2b5d-86d4-4bee-828d-852afd668748,10000,,2026-03-14 19:47:00,order_SR8T6CGwmbxIO3,pay_SR8TQajWABX2Zv,944fd7c61bbc36b7e49b53e4a192afbe2908886f9f7fa8e80ab979bf8dcd21c0,success
05573257-0534-4071-92ea-d08461a1a980,55000,,2026-03-14 19:44:00,order_SR8PqRhmEJKLZ1,pay_SR8QFeBNTzisrj,f39b8313e477a6b959a1ead9645cfe43b209aab6c65c1699e1373e79ee4b4703,success
47bc7561-fa48-4f53-b64f-936b125894ad,11050,,2026-03-14 03:18:00,order_SQrcifl2fkb39H,pay_SQrcq8Wate2Ijt,533efe8b7c9578e46475ac5124dca9740d104c739e3caee4bca90d4e0dd7dc6a,success
14d77895-ee44-40b7-ba92-16d91ddcd05b,53950,,2026-03-14 03:15:00,,,,success
d60314e5-9dd0-4296-a864-747da8bb080c,11050,,2026-03-14 03:13:00,order_SQrX1IYUU7TFnQ,pay_SQrXCbEQwTu0VQ,4159cbd1422f8292b42553824bea16c7c6db8f49eaa541ee01af0957fd97cdb1,success
7597c137-4ae3-4961-90b0-a2f8c4c953dc,5600,,2026-03-14 01:41:00,order_SQpyUhntz1kxSG,,,success
5616eaf0-d504-4247-a75a-79f69173398f,55000,,2026-03-14 01:33:00,order_SQpqBWySzfxARv,,,success
8d6ba185-70c7-49cc-ae6c-e68faf5eab48,5600,,2026-03-14 01:32:00,order_SQpoc9TTUfdoee,,,success
2c777d8a-5b05-4ac4-89cf-f975e3557afa,5600,,2026-03-14 01:32:00,order_SQpoYmnjwYYFhO,,,success
ac220b3f-42cf-47f2-b48d-2a0d3193a9f1,5600,,2026-03-14 01:27:00,order_SQpiyvfnsOIMX6,,,success
5c2fcb4c-365e-444c-bb96-4b765acf36e9,5600,,2026-03-14 01:16:00,order_SQpXxtg3Py2ucJ,,,success
f3f08e3b-87fc-458e-af03-6f79ee50e8a7,3200,,2026-03-14 01:09:00,order_SQpQHgUuYAvZ67,,,success
e607d287-2ffe-48d6-a039-e1b52523519e,5600,,2026-03-14 00:04:00,order_SQoJdDkcW1RLRG,,,success
93bed419-a873-449c-bbd2-4e63ddfa0830,5600,,2026-03-13 18:23:00,order_SQiV5uQyaqLWWu,,,success
332f214a-f908-46cd-b64d-e2f412a60486,4400,,2026-03-13 18:20:00,order_SQiSEki2EKZqrt,pay_SQiSW8jbvJtWQF,e8030fdbb50e0a0631b56e0a2a502be1a9843834ae06a56497c0da225ad4766b,success
c3917408-6045-4175-9a69-0ffb95429f41,12000,,2026-03-13 03:32:00,order_SQTKt1KwKcrHv9,pay_SQTL0rkNXqnr5b,57cb6e4cc5b819f0dfc6d8f9fd5ac1ff75c2cb630512a5ee9dddb4897d9ba0f4,success
1760fc6c-59c2-4246-b770-c7bafd2fdf6d,6300,,2026-03-13 03:31:00,order_SQTJcWOzqhFvBv,pay_SQTJpgJzV90sYM,da890ae5e08fe4ebfd609854fdb21c8328d2885f7a235f48f1a24e87983cdee8,success
1760fc6c-59c2-4246-b770-c7bafd2fdf6d,6300,,2026-03-13 03:31:00,order_SQTJcWOzqhFvBv,pay_SQTJpgJzV90sYM,da890ae5e08fe4ebfd609854fdb21c8328d2885f7a235f48f1a24e87983cdee8,success
1760fc6c-59c2-4246-b770-c7bafd2fdf6d,6300,,2026-03-13 03:31:00,order_SQTJcWOzqhFvBv,pay_SQTJpgJzV90sYM,da890ae5e08fe4ebfd609854fdb21c8328d2885f7a235f48f1a24e87983cdee8,success
1760fc6c-59c2-4246-b770-c7bafd2fdf6d,6300,,2026-03-13 03:31:00,order_SQTJcWOzqhFvBv,pay_SQTJpgJzV90sYM,da890ae5e08fe4ebfd609854fdb21c8328d2885f7a235f48f1a24e87983cdee8,success
4fe57ba1-8fe8-48a4-be38-3eb8fd691f4a,8000,,2026-03-13 01:29:00,order_SQREeg0oJDyKTy,pay_SQREnNFvooQkJG,0170bed841bdc6164e683fd06d4e5b62beb0c4260ce43d20c832fe7f58ba1839,success
fe0b0b7d-966a-49d9-a710-537c2e4996fe,19998,,2026-03-13 01:19:00,order_SQR4N7WEdemwwd,pay_SQR4YhmKHEIzxP,113289f6e3a8e2313d71e213320586d5cd8f09653af4763a4d79b69e598119cd,success
dad610b9-f19a-4cb8-9b78-eb9fe19fdc14,12000,,2026-03-13 01:17:00,order_SQR23mZzLNJFvR,pay_SQR2CBq910jEJK,1c78208aea49b1ceeedbb09bb086a64bbd91bd67e40c48ccbc89e390309e82d6,success
fcf01a9b-7b17-420a-a80e-b6e483a293d5,8000,,2026-03-13 01:16:00,order_SQR0i4xDyifaWo,pay_SQR0tFtAsIpc6y,4230ce390980c79aeb6665feb4c47e8d1c051cc94836c0abc7ca2e353bba7c10,success
fcf01a9b-7b17-420a-a80e-b6e483a293d5,8000,,2026-03-13 01:16:00,order_SQR0i4xDyifaWo,pay_SQR0tFtAsIpc6y,4230ce390980c79aeb6665feb4c47e8d1c051cc94836c0abc7ca2e353bba7c10,success
e77a33a3-989d-4692-96a6-152fcaf82467,8000,,2026-03-13 01:16:00,order_SQR0DcQG5V8NsV,,,success
e77a33a3-989d-4692-96a6-152fcaf82467,8000,,2026-03-13 01:16:00,order_SQR0DcQG5V8NsV,,,success
6a1e189c-66c3-45cb-bca1-32105620b49d,3000,,2026-03-13 01:15:00,order_SQQzp7P31CzOuX,,,success
c7e637a7-ec54-4c28-be5d-22377df279a4,3000,,2026-03-13 01:14:00,order_SQQymO0bX83XcD,,,success
be112808-bc30-43af-be51-7a2beb36b5a0,3000,,2026-03-13 01:10:00,order_SQQurCpKSvG1Gl,,,success
43f4de23-6096-4159-a9ba-b645b904324d,3000,,2026-03-13 00:56:00,order_SQQfu2xwiXsF8O,,,success
534da652-3723-42d0-9b25-bfedcb38e0a3,5600,,2026-03-12 22:27:00,order_SQO7nE4ahhXnbI,pay_SQO7wj0CpT6nlO,df500224ad3f99dc1012ab8dcf4e59472c386b98059817851ca69ecf6316d668,success
aae71f1a-165f-47e1-9714-14ccf84c8805,14400,,2026-03-12 22:26:00,order_SQO6yaS5BQijZp,pay_SQO76qxyQpVyF3,4961b4b8a497f0a6e4ebe62d4db34ed368db78a4a63dcb17b9da3e627282b2cd,success
aae71f1a-165f-47e1-9714-14ccf84c8805,14400,,2026-03-12 22:26:00,order_SQO6yaS5BQijZp,pay_SQO76qxyQpVyF3,4961b4b8a497f0a6e4ebe62d4db34ed368db78a4a63dcb17b9da3e627282b2cd,success
aae71f1a-165f-47e1-9714-14ccf84c8805,14400,,2026-03-12 22:26:00,order_SQO6yaS5BQijZp,pay_SQO76qxyQpVyF3,4961b4b8a497f0a6e4ebe62d4db34ed368db78a4a63dcb17b9da3e627282b2cd,success
9f009520-4286-434c-8169-050bfbb9c73d,14400,,2026-03-12 22:25:00,order_SQO6LexQjmcztd,,,success
2dabff63-bcf7-401a-901a-055b6680550d,800,,2026-03-12 22:19:00,order_SQNzMPcAaPbb8C,pay_SQNzSWnkXpkydp,127abee411d368d359f62cdef956351daa5f505af65532dad115d2be36bb20a3,success
d9e2332d-14d8-4b8b-9e49-97dac046f7d1,12000,,2026-03-12 21:49:00,order_SQNUYGYQTbXOSU,pay_SQNUocBleBklsw,7baf40241c3069e7b4f64ea5d31180894d3c6fac01d3874706484c61dd0eec2b,success
4499eb38-b969-4de4-a894-2a969414761f,8000,,2026-03-12 14:55:00,order_SQGQjoUNzEdtxG,pay_SQGRy8jicn5TQA,a6bf3a622c9a01eb84e9159517fba87d3efdbdf7eaa6c3329313588c619e4aa8,success
59db2c58-9192-4437-8801-0f5892b39416,19000,,2026-03-12 14:42:00,order_SQGCrnC45YZkQz,,,success
1057b25e-e34c-45ac-b10c-a2f65745a738,3200,,2026-03-12 14:40:00,order_SQGAf9RLbXfLhg,pay_SQGArIv4RIQohd,3f1519a7bca91c8d22c52d97baacc90bdc81cb5d308fe3378f7b47aefea42b3a,success
72773c84-f6bb-407b-b788-e2bd14907a5e,3200,,2026-03-12 14:32:00,order_SQG2oadwxe3dTB,,,success
0f4731a8-89ed-48a8-96ae-532405ae8119,12000,,2026-03-12 13:30:00,order_SQEybzitcny7zS,,,success
b8cb3d33-58ca-4e88-bc8f-7ede2541edd9,8000,,2026-03-12 13:29:00,order_SQEyKxztbO9n4F,,,success
63e65aed-e815-459f-98d6-01ee620e2c28,3200,,2026-03-12 13:28:00,order_SQExLq5vTAKaok,,,success
1db49bdf-49a3-43b0-850a-6ecc7e3d4c27,69000,,2026-03-12 13:21:00,order_SQEpBtZgqBcEaO,,,success
c97c4a3b-b313-40e3-ba46-cd6091a92d00,7000,,2026-03-12 13:18:00,order_SQEmGsZxFdpw6d,pay_SQEmQOqdJPuVqF,c159474b4729174751c7321823ad7095fab596c8bab8dcd51d8b25c241108bd1,success
59b94395-2065-4cd1-8540-36db7640a6dc,5800,,2026-03-12 13:04:00,order_SQEXya2SswBquO,pay_SQEY7CGuMdfaWP,8ed5abbf5e7e1aec6efffac595e64927f49508b8ed7e471765ecbd33e30e13ef,success
59b94395-2065-4cd1-8540-36db7640a6dc,5800,,2026-03-12 13:04:00,order_SQEXya2SswBquO,pay_SQEY7CGuMdfaWP,8ed5abbf5e7e1aec6efffac595e64927f49508b8ed7e471765ecbd33e30e13ef,success
59b94395-2065-4cd1-8540-36db7640a6dc,5800,,2026-03-12 13:04:00,order_SQEXya2SswBquO,pay_SQEY7CGuMdfaWP,8ed5abbf5e7e1aec6efffac595e64927f49508b8ed7e471765ecbd33e30e13ef,success
da2a6bea-7635-499a-83d7-ccf7677bd644,5800,,2026-03-12 12:54:00,order_SQEMpvMAw84DPZ,,,success
f7484760-b009-4f5c-84f5-a0365555e33e,18200,,2026-03-12 12:53:00,order_SQELQDzHrnuKVG,,,success
cb5dba9a-d107-4a1c-83fa-f412673bf9d2,91000,,2026-03-12 03:48:00,order_SQ54YMPVXgf0UK,,,success
2da284d5-3c7c-45e0-a9ef-ece05e2b18f3,91000,,2026-03-12 03:31:00,order_SQ4lyhaUQGdWVl,,,success
53684075-be13-4575-a252-a6de87317c28,91000,,2026-03-12 02:57:00,order_SQ4CAalb1yTk5z,,,success
e3713bde-f180-453d-ba2e-bdf469f32873,3000,,2026-03-12 01:46:00,order_SQ2ziB5qyIqU4t,,,success
cd998fbb-44fa-4413-8a4d-80ccde8e1136,3000,,2026-03-12 01:40:00,order_SQ2skt4lQPS0Rl,,,success
f098dd96-086c-4142-a9c2-cf84cbe4fe39,70000,,2026-03-11 23:29:00,order_SQ0f0RsZbDyuZ5,pay_SQ0fE7fYR9XVz4,71cbf3e234a86f291f8b34fe9e9f01f6a72deaece812ce6545e02e300848d4db,success
TX999,U999,-500.0,2026-03-15 00:00:00,,,,refunded
